sub,title,commenttext,date,text,link,image,video
subredditname,titletext,commenttext,"2023,2,25",bodytext,,,
subredditname,titletext,commenttext,"2023,2,28",,linkurl,,
subredditname,titletext,commenttext,"2023,3,1",,,images/python.png,
subredditname,title ,comment ,"2023,3,1",,,images/python.png,
subredditname,title ,comment ,"2023,3,1",,,images/python.png,
subredditname,title ,comment ,"2023,3,1",,,images/python.png,
subredditname,title ,comment ,"2023,3,1",,,images/python.png,
subredditname,title ,comment ,"2023,3,1",,,images/python.png,
subredditname,title ,comment ,"2023,3,1",,,images/python.png,
subredditname,title ,comment ,"2023,3,1",,,images/python.png,
subredditname,title ,comment ,"2023,3,1",,,images/python.png,
subredditname,title ,comment ,"2023,3,1",,,images/python.png,
subredditname,title ,comment ,"2023,3,1",,,images/python.png,
subredditname,title ,comment ,"2023,3,1",,,images/python.png,
subredditname,title ,comment ,"2023,3,1",,,images/python.png,
subredditname,title ,comment ,"2023,3,1",,,images/python.png,
subredditname,title ,comment ,"2023,3,1",,,images/python.png,
subredditname,title ,comment ,"2023,3,1",,,images/python.png,
subredditname,title ,comment ,"2023,3,1",,,images/python.png,
subredditname,title ,comment ,"2023,3,1",,,images/python.png,
subredditname,title ,comment ,"2023,3,1",,,images/python.png,
subredditname,title ,comment ,"2023,3,1",,,images/python.png,
subredditname,title ,comment ,"2023,3,1",,,images/python.png,
subredditname,title ,comment ,"2023,3,1",,,images/python.png,
subredditname,title ,comment ,"2023,3,1",,,images/python.png,
subredditname,title ,comment ,"2023,3,1",,,images/python.png,
subredditname,title ,comment ,"2023,3,1",,,images/python.png,
subredditname,title ,comment ,"2023,3,1",,,images/python.png,
subredditname,title ,comment ,"2023,3,1",,,images/python.png,
subredditname,title ,comment ,"2023,3,1",,,images/python.png,
